country_code,output,value_added,market_size
CAN,"2,994.00","1,152.00",33
DEU,5325.381688,1954.383446,70
FRA,"5,437.00","1,907.00",37
JPN,1854445.459,718325.5763,74
KOR,"32,903,605.39","7,600,458.68",37
SWE,2018.030079,612.6287096,8
USA,"11,341.40","7,050.10",317
KOR,,,37