country_code,output,value_added,market_size
CAN,"2,760.00","1,029.00",28
DEU,5839.096068,1771.652201,63
FRA,"5,255.00","1,859.00",33
GBR,"3,001.70","1,722.60",65
JPN,1755172.609,698933.9992,65
KOR,"27,620,846.32","7,153,528.33",33
SWE,2024.836628,509,7
USA,"10,782.20","6,257.90",294
KOR,,,33