country_code,output,value_added,market_size
CAN,"3,318.00","1,329.00",35
DEU,6949.20982,2327.465977,68
FRA,"6,022.00","2,038.00",38
GBR,"3,629.50","2,122.30",72
JPN,1965151.846,803751.0431,82
KOR,"29,691,092.95","7,846,420.44",35
SWE,2637.848069,898.5025276,7
USA,"11,104.00","6,266.70",319
KOR,,,35