country_code,output,value_added,market_size
DEU,6836.056679,2242.24517,67
FRA,"6,532.00","1,559.00",37
JPN,1844207.194,637880.0114,74
SWE,2377.811484,844.7599033,7
USA,"12,212.10","8,029.30",326
KOR,,,36